id,dienbienca,nhanvien
219fc5f5,99bfdc28,1
8cacddb9,610469d2,1
0b6df08e,1,1
9c130197,20997a48,1
2efe9c38,3a589361,2414884e
174e64ff,8a54bd55,a782b548
9f2c4fb6,5333b9ae,1
81ea83e7,03d3e46c,1
af2a265c,d62adb52,2414884e
8564aa7e,901ae214,1
485dc76e,d53c1817,f769d378
1030e1f5,25bc922f,2414884e
a0d445ee,6adef239,f769d378
3f547f39,2b3204f7,bc812b63
ae04db8d,19b6c39a,a85fc6d7
1249c226,19b6c39a,8aaf08ce
54a76e96,b1cca6b3,2
7cc25375,76dbceb6,09659890
abcac91a,76dbceb6,79f5ae44
57e29706,b1cca6b3,1b836613
4d94d5e0,c2bca16e,1b836613
54fbcf88,c2bca16e,040b166c
023434d5,c2bca16e,1b836613
b5f8f06d,0889ef7e,1b836613
9878f63d,0889ef7e,d031861a
aa0f2060,acaaa063,a6e2979c
ab43b708,bf8a1dae,f769d378
0ba3600e,b87f59a0,1
51675ab1,59bae3db,1
09b8ef53,0e4f6e28,1
59768481,25252121,2414884e
1393be02,699d16b6,a782b548
58cbe124,e303a8bb,1
4e1c4995,2a73cb8e,a782b548
788afecd,2a73cb8e,2
59a0c5b3,c073e27f,1b836613
2e68734d,28bfb272,a782b548
ef6abfcf,28bfb272,1b836613
03f09cb0,7019e77b,a6e2979c
6349cbc3,246cb28b,a782b548
6fc2a2f7,91eba35c,1
0c012429,30502e2a,2414884e
e26541fe,d0a09cfc,a782b548
18f90026,7745244b,2
29577385,01468b73,8aaf08ce
474f9132,01468b73,a85fc6d7
80a4e969,495ae5b7,462abdc2
b1c18b4b,fadd3282,1e6859b8
ec53b3fc,695baa8b,a6e2979c
72c640d6,5ca7784f,a782b548
83217bf9,77edef49,1
8fbbfd0e,a629bdd4,1
e71ab145,bee705f0,1
1c9d5b86,f09dc369,1
573d3095,9cb51544,a782b548
205e7bb2,01c29abd,1b836613
c87f6612,67a4360e,1
8fae07ba,985d5e59,2414884e
a3dac7aa,afff2a60,a782b548
e89e1e3c,a1e8b358,2
f40284ae,a1e8b358,1e6859b8
dd51543a,b7c9187a,2
3db98f2d,b7c9187a,09659890
f0bfebd4,e7b8316c,a6e2979c
a0fb363e,52ef2bf9,a782b548
c23bb7c5,594008ce,a6e2979c
1a9270dd,fc777261,b2d6ea3b
b186846f,934fe11a,f769d378
3ea4602c,77458bd9,2414884e
6191b502,2d4391d9,2
4ac0ea42,382d5f72,2
a2238ce3,382d5f72,a6e2979c
94183d2c,382d5f72,1e6859b8
90b0661c,4ac5f4f2,f769d378
98feceea,04f3f203,1
5ccd834a,e3bd23e8,2414884e
11ebbee9,95a1d6a3,a782b548
2f1dbe49,cfc1e54c,f9e80e7d
4ec82223,0cf6cd2a,153e4cf1
72c6ee65,0cf6cd2a,4613f12e
219da52a,34993b27,d6f9d4c3
b94cc69b,856b3669,b4e2d7e8
626b2cf5,ea391fbd,a6e2979c
da1ca028,9fbd2e5d,1e6859b8
9783508a,e3505e50,1
de777ef1,cc3c979b,2414884e
09105a93,1cb9a880,2
684fbfe1,1cb9a880,1e6859b8
23bea6e6,54395858,09659890
04ed64e4,54395858,d031861a
d2edb6f7,cfe7e8b2,1b836613
db130c19,cfe7e8b2,d031861a
beb6755c,f0be7af4,a6e2979c
237fb3a4,434bba86,1e6859b8
4bb0dc0a,10c53e1e,1
95fe7e78,f967aa64,1
ae01aa4d,6e9aa83c,1
466b2aaf,2d9ecb96,1
72a3e3d9,e130b2bf,1
d2da46d4,3a6103a4,1
100aea29,76a1b811,1
a86d95e9,d40b3b48,1
f7769aa7,560ad68d,1
b688c607,91043919,1
4c1e662f,95f40627,1
686a5197,02df1d9b,1
11353485,edff93f4,2414884e
fe9f2182,8c3c53fe,1
bcf9656e,7296fa36,1
0e5dd386,9f16316e,3bf3960f
97bb4e46,9f16316e,462abdc2
bafb81e8,6863f428,1b836613
30a6fac8,6863f428,09659890
954148ac,6863f428,f769d378
ea9d43ab,25c0746f,a6e2979c
e5314fb1,af5f40df,f769d378
ac9f5a8c,33a3e98d,1
2632dff0,753e1162,2414884e
aee39b01,39b4dbb6,f769d378
cf9f6051,12d314b1,2
e381eebe,06942d74,7bafec6d
95a62c49,06942d74,00af8a32
60ef04b1,17e389ad,2
def489a7,17e389ad,1
b0f0c670,bfadb3f9,d8a65191
bbd1abb5,bfadb3f9,2
3a035888,81a36d43,f769d378
bac65e3d,81a36d43,09659890
e2afef32,08c56153,a6e2979c
77dc2094,08c56153,09659890
410601b2,812cbfa0,1b836613
a06e51c6,812cbfa0,2414884e
15a2e519,8ec82a56,2414884e
23b87832,8ec82a56,09659890
34f8e6b9,43cd8ac6,a6e2979c
c11eb8d1,19b17edd,153e4cf1
7051553f,19b17edd,1b836613
58a8b66b,19b17edd,40e103fe
002af169,5719a5e3,f769d378
81e0bdb3,0db68647,1
92adf7d1,d8918041,2414884e
a2e8ed7f,35111b9c,f769d378
d59bbb26,9b8cb905,bc812b63
0b134669,f6593a5d,2
817f61b7,f6593a5d,d8a65191
9b567bda,f60a3d70,2
6a298435,f60a3d70,ce3d6ca8
0930bb9d,8163c639,1
92f74219,95a3ae8f,a85fc6d7
14e4b53d,95a3ae8f,084b655d
48d8cbc3,2db3c392,1b836613
fdc1c712,2db3c392,40e103fe
9384b785,9a471b3b,a6e2979c
f5d1ec6f,d25634d1,040b166c
886292d0,9f2af61d,2414884e
5a1541ec,f50b6b98,1
11983685,8f7cb1bb,1b836613
cf4b3e98,8f7cb1bb,2414884e
5f6716a1,13692ea2,09659890
b0484885,13692ea2,2414884e
e96a53cc,188fcf63,40e103fe
bf9fd1cf,188fcf63,1b836613
fecc838b,ebbdc13d,a6e2979c
2eb4d9cf,3ec246e5,f769d378
d0259e77,e18382ec,2414884e
04333363,706e80c0,1
7edc14ef,e13f54d8,79f5ae44
051f75f9,e13f54d8,a6e2979c
"6,74E+76",e13f54d8,d6cde887
0906ac17,e13f54d8,1e6859b8
6f633fc5,65ba8acd,f769d378
2fbd1c17,830d3b7e,1
969e7469,41746bb1,1
36b65a42,41746bb1,d6cde887
a3282320,30a64c2e,d6cde887
74b88a59,30a64c2e,1e6859b8
e13ef3a3,1ee7cf15,09659890
2c8b48cb,1ee7cf15,1
58e70341,7d73a17f,a6e2979c
c74c3b78,1fa669d7,1e6859b8
349002b3,d1764089,1
e30c4133,f67185bd,ec0565d2
d80aa95c,a6d0842b,2
ec64cd2f,c460d2d1,bc812b63
90b218a7,0b959d18,09659890
8af260a2,0b959d18,2
866abdc0,ee43ee16,a6e2979c
dd9a57d5,ea129288,2
d0741a34,14eb94c8,a782b548
5c9dd311,a16a5060,2
ba742628,cdc43d84,c7817ce8
9a32738e,19f73ab0,8aaf08ce
ae0c4c77,19f73ab0,084b655d
7e29affe,19f73ab0,54370adf
e8b4cb2d,19f73ab0,2
773db1b8,3718916a,09659890
44efeccf,3718916a,d8a65191
270c8758,407a89b3,21827101
b67ab31b,407a89b3,1b836613
ecc83a2c,c1d8834b,21827101
e1854830,c1d8834b,1b836613
983ed7d3,33ac077f,1b836613
09b7cbc4,33ac077f,21827101
d81e6fa4,6ff783fc,1e6859b8
8bd15b2f,6ff783fc,09659890
25a9e3c2,086398a8,09659890
6ceca354,086398a8,21827101
87f9e9e2,c8b32223,1
46b948c8,aaa6d2c3,09659890
87044d99,aaa6d2c3,040b166c
9e31b3c3,f9eb43ba,2
182f062d,f92c516e,2414884e
07997dee,acab8c17,a6e2979c
1127213e,453b7c5a,462abdc2
edc33738,2387328f,21827101
789e5b40,2387328f,1b836613
7b0ff870,2387328f,1b836613
07c2b233,b1f193db,09659890
e468e663,b1f193db,d8a65191
4ea22481,b3434146,21827101
9ff34ae6,b3434146,1b836613
423e6f6b,fe4e24e5,a6e2979c
59141690,72cfe485,a782b548
a6b8b546,91340aa0,1
e96d57ec,a48bea4c,a6e2979c
2a0ec381,90215b95,d6f9d4c3
bd79b4ff,6e54a7ae,1
2cb9f767,cc4a8f8c,2
4a07cb1b,8efb886f,a6e2979c
ccec6b82,803eb72c,f769d378
0e7ca9bf,803eb72c,a782b548
55b61614,a285ac51,a6e2979c
c6c12e50,133a5237,a782b548
5ea1afd3,d7c77376,bc812b63
cb68f594,41fbaf93,1
75c54ee4,41fbaf93,750f3aa9
a3dcd425,e6597a98,a6e2979c
d6e1998c,1381a50a,a782b548
4f8476c1,aeb52900,2
8bd31530,88d80995,a782b548
e32284dc,38e97dea,d8a65191
da2b6f22,38e97dea,2
ce35f2ea,72243638,09659890
33899b1f,72243638,a782b548
3873221f,e63ae2ea,09659890
62fd1af1,e63ae2ea,1b836613
afa7f6cd,e63ae2ea,21827101
387d44ef,4f922f29,a6e2979c
7567ce66,14d48189,a6e2979c
d630538d,76086b08,2
4a421209,1ff80222,1b836613
64d0d234,1ff80222,d6f9d4c3
a0ae7db8,e6a1325e,1b836613
dfddffdd,e6a1325e,21827101
3934a93b,75f10790,40e103fe
16265a17,75f10790,1b836613
fbbb20a8,4f31d02c,4613f12e
431d1a56,4f31d02c,1b836613
64d25e5d,9676bffd,a6e2979c
dddd81ed,0b490fa3,040b166c
8c937986,7d482864,1
c754c615,57928f46,1
84ba5220,c9b98f59,1
53d4a4b8,f3974ce7,1
cac371cf,84f80762,2414884e
6aef7ebe,39dc1749,1e6859b8
f8217bd3,3eb51082,1e6859b8
27c57984,2fa4dc0a,1e6859b8
a9aa74da,2fa4dc0a,d6cde887
5a55608f,2a4032d8,3bf3960f
093cf12f,2c956633,d6cde887
46cf8690,48e5ef9c,21827101
d5ae2e0f,48e5ef9c,09659890
bd9f7b85,48e5ef9c,09659890
dab85162,60bb572d,1e6859b8
7d4f4484,55f79c87,a6e2979c
22824ecd,5a04decb,2414884e
cc3a80d2,5c34d49d,1
ac3dd2b0,ebae6322,1
e1157401,77c0c23a,1
166a5b3d,4448b6b8,1e6859b8
ff8aa8a1,c09f09ab,fa27a0fe
0bd8c2c8,c09f09ab,79f5ae44
aa740ce2,ce9be14b,1e6859b8
8a67f4af,12ec6346,09659890
1b6adcaf,12ec6346,09659890
08239014,12ec6346,21827101
aa4af122,,750f3aa9
3344f292,,750f3aa9
56818eb1,ce9be14b,750f3aa9
f73afda6,6a5fb5d5,a6e2979c
5457d588,b82869f2,f769d378
848569d6,b82869f2,a782b548
58d8f4b3,fabde05f,1
131518d4,2fb94a6c,1
79ea907d,964bc025,1
eba84eec,28808aa8,2414884e
78e6875d,08a98d8f,f769d378
7a59ee18,85ef33d8,b76188a3
7d2b1559,410adf8d,1
53f85585,410adf8d,2
8aeca409,59251303,1b836613
27f0f87a,59251303,21827101
2519fe51,ecba3c9f,1e6859b8
7e39dbd7,ecba3c9f,2414884e
88ac3458,fa0f7a0e,a6e2979c
21f50f1c,9802f79e,1
236c0ad0,684666b3,040b166c
aa698145,42f24589,2414884e
9302ff21,38e674c9,040b166c
986eb756,053b8ff9,2414884e
6c071805,053b8ff9,4613f12e
98dcdc7c,053b8ff9,2
c429d214,42a4d568,1b836613
c1649d9f,42a4d568,09659890
01740063,42a4d568,1e6859b8
16e9b4ab,958a4edf,a6e2979c
2cb34b18,7c4c211e,21827101
df1effba,7c4c211e,09659890
9c2952a1,22428631,f769d378
03cf8f9e,1eb6fb31,2414884e
a58a4f5c,6e7b3dd1,1
42ce2ead,6e7b3dd1,ffd07042
3e8d4021,7fdff1a7,040b166c
8342628c,bb99c0de,582a3bed
b76be7e0,bb99c0de,3d911504
2f0b1edb,ff87734b,a6e2979c
c1917224,1721f7ce,a782b548
4d4c97e1,1721f7ce,09659890
0bf5b754,68857936,1
"6,11E+06",a5e90498,1
a988a7a0,f2094b50,a6e2979c
7f65302f,f2094b50,a398f65d
a14f407d,f2094b50,90dd3817
491d6cd1,f2094b50,2aeb599d
45b880ff,f2094b50,93d7a4f0
2825d1b8,f2094b50,370fea39
4a3a5a21,b49d43a4,a6e2979c
b06990ed,0f43252a,a782b548
"8,33E+14",0f43252a,09659890
64b700a1,36b271b1,2414884e
cddba62a,1df9d272,a782b548
8424e0b7,eb30481b,2a776990
49e42cac,eb30481b,3bf3960f
407f5f8d,385325fe,a6e2979c
2ec64228,2763c3bf,09659890
faa45bde,2763c3bf,040b166c
c486da34,a4e27e65,1
42b38e1b,205aa8b5,1
ea764a00,1cbdaece,1
5d2e0778,bd03d1d4,040b166c
26de8c28,f1e353a1,2414884e
7495346a,18c2dd5c,a782b548
87518a14,890fea3f,1
eca00501,68bbb775,2
2d71c8a8,68bbb775,1e6859b8
4d5b9039,d6051317,d6c4ddf3
0607c443,d6051317,ead9d531
9463b2aa,1f7086f9,79f5ae44
7a399abb,1f7086f9,2
57a91a21,1f7086f9,d8a65191
599977a1,2424b6eb,6eb760de
46499d06,7b2c97fd,6eb760de
9be4603f,97a53722,6eb760de
e43e64ba,8690d3a6,6eb760de
e4366bb0,cf09f5ff,6eb760de
60cb915b,e1c48f6c,6eb760de
7883d07c,e87f7298,6eb760de
c871a4d3,e37a6f06,1b836613
cd9242e5,e37a6f06,21827101
db4fcc89,7a20376a,4613f12e
82aa379f,7a20376a,1b836613
7496ea7d,a82d222d,a6e2979c
ae12f6ea,61d24823,a6e2979c
3f3f4639,0da0024e,a782b548
b8f80b31,bd0ed6dc,2
64075b22,cc394e71,bc812b63
e929672b,cb5160bd,2
5880de96,cb5160bd,1e6859b8
cee4e099,b2040c70,6a9674f0
8acf6edd,b2040c70,2
"5,33E+87",b2040c70,9b76ebee
f229a4b8,0f95c833,1ad11fc8
37eb54d4,0f95c833,582a3bed
ffe6f11e,0f95c833,1e6859b8
09eb43f5,0f95c833,00dd5294
c916543a,73bc4112,a6e2979c
ef077d37,0f95c833,d8a65191
56c4d221,0f95c833,40e103fe
e5ef11b0,44ba0878,040b166c
79b6148f,69d445a3,2414884e
aa435073,5ddbe7f6,a782b548
be524803,5ddbe7f6,8cd029d1
d2423842,f872dd16,d2da50ee
77fc81ea,cae8a054,a782b548
946005a5,cae8a054,2
c7b78d71,f872dd16,1ecd3cd8
a06fb158,24d35c6f,2
f3b90eec,24d35c6f,1e6859b8
96ee2d65,e93d6a43,4613f12e
1995fd04,e93d6a43,1b836613
11afc12d,73a743be,09659890
c882f309,73a743be,1e6859b8
00d45770,e93d6a43,1b836613
abb4c22c,e93d6a43,1b836613
fa2b6180,73a743be,09659890
7aeec659,aebafa29,a6e2979c
ca002d01,1e4dda4c,a782b548
9c14a5a0,c870b592,1
65ae47ac,7fab3593,2414884e
9b17c9f3,e867168e,a782b548
eb198b95,c511daaa,1
56c2df3a,a7a235c5,6eb760de
d2c184bd,fa17bf4a,6eb760de
eaa1fe0c,1f17a72c,21827101
8378ac8e,1f17a72c,09659890
e9aef618,1c707a3a,a782b548
c5ed8cb3,1c707a3a,09659890
4d499bc4,0937533b,df669479
c4ff3e53,0937533b,1
5d787115,0937533b,750f3aa9
02018c73,d8ddca91,1e6859b8
1bb7f81c,d8ddca91,2
88a86305,d8ddca91,2414884e
66e08bf0,d8ddca91,a782b548
ffbe96e3,102d4587,2
6c249977,d52fcc6e,a782b548
8014aa51,9b76447c,2414884e
c30e84ab,8f4fdb1b,a782b548
7bb9dafa,e1df3228,750f3aa9
70644a4a,e1df3228,2414884e
e43a571a,e1df3228,1
"4,41E+25",7bfedd65,1b836613
1490f0a7,7bfedd65,2
9238b1a4,cfbc6618,2a776990
9a1a880f,cfbc6618,3bf3960f
e2f92a70,15748fe7,40e103fe
ba050b16,15748fe7,1b836613
961aafdd,c33056dc,1b836613
5185171b,c33056dc,a782b548
f2464769,063d0fdb,1b836613
314f6e07,063d0fdb,21827101
4e8af332,5e264926,4613f12e
45a11a0c,5e264926,2
71fe684b,646b46e6,2414884e
f4ca8d67,38c352b8,a782b548
0f7adc13,d934b8d1,2414884e
fa3fb509,a4d04e4a,a782b548
f80b641a,21013313,2
f481f276,21013313,1
6cdad6de,1be35c59,2
0c825dec,1be35c59,d8a65191
3061a452,54999177,5a310828
985adbe0,aae429f1,1e6859b8
cbdc7b97,2fa95434,1
01f2000d,2fa95434,2
eff640c4,87223f5f,09659890
59e1f419,87223f5f,040b166c
1e75571a,b2ea84ca,21827101
df0b7b67,b2ea84ca,09659890
9131b846,5aaaca2a,2414884e
04cc69f0,5f6170c4,6eb760de
946ed56f,a1231963,1
55340c85,991a8916,a782b548
488cc8b8,e14dacdd,2414884e
38bbf3f1,932a1262,ffd07042
3de8e4e6,932a1262,2414884e
9742bd1e,48af88ce,040b166c
b3cefd25,38d634c3,1b836613
f6064afa,38d634c3,ce1e9417
fea8ca63,38d634c3,2
6d669cb7,9b77d874,24123f75
eacc780c,9b77d874,d0fb355f
fe39be48,56d2a186,1ecd3cd8
dcf838e8,56d2a186,907cac43
34ec97aa,5c96845c,bc812b63
458e9f71,b376a679,ec0565d2
f398b947,3b2bbef2,21827101
ad5a0e73,3b2bbef2,09659890
c235a663,d382e184,1e6859b8
f288ecf7,d382e184,09659890
338d49f1,d382e184,1b836613
56b8747a,36700d6c,2414884e
3798a2e5,d54184bd,a782b548
3d226961,7c1b9165,750f3aa9
301ab913,7c1b9165,a782b548
6216c683,7c1b9165,1
5eb728b0,6bd4c78c,2414884e
467b4ee5,d3e79eb9,a782b548
e8547e3f,0c66503d,1
15c9f56b,32cd88dd,6eb760de
91a2ee04,56963ebc,1
a7a23634,a893736a,1
b42b94ac,3ac3ca85,6eb760de
e6a1a6d1,88ebe4d6,1
94291236,89777c58,1
aaf991b0,bd8bc5a8,1
38e1e35f,10f17812,6eb760de
0f7131fe,9f2cb6f1,6eb760de
c01d5f27,196fe412,4613f12e
72c0b103,196fe412,2
8de8d50f,523d2244,d6f9d4c3
f0184b9f,537aac74,4613f12e
d3498324,537aac74,2
d8920e32,1fbfe55c,40e103fe
88730fcf,1fbfe55c,09659890
48e35b6d,fa6f9001,2414884e
e6083d8e,70bebcee,040b166c
97e80f94,9e49c203,2414884e
255f4680,4e51e0ad,a782b548
27c20c15,e10c8da0,2
9119319c,e10c8da0,1
0de6fdf9,5542dbfc,2
41913a2f,5542dbfc,4613f12e
6d12930b,b62f2f95,2
30e70bc1,b62f2f95,1e6859b8
8917428e,37b7d413,1
8b372ca9,996d4ae5,2414884e
b229137a,ce4e13c8,2414884e
aaaa5d3c,9ab45340,a782b548
4d90a473,76d7997b,2
f167664d,76d7997b,a782b548
81799256,3e59de26,d6c4ddf3
1afd2d2e,3e59de26,b6220f5c
4bef950f,c3169297,2bab3c2d
584b70f8,c3169297,2
0e13a6dd,c3169297,f8b4338a
ef703f69,c3169297,9c57a337
0675dd97,194eeff9,2a776990
5fc41b33,194eeff9,3bf3960f
38c3d7dc,14cda089,2414884e
acd00d9f,ef523507,2414884e
14885cdc,90b1c9bb,a782b548
1ba1510e,3e031a0f,2
d0367ea6,85b4580c,1
9783e8b1,702adece,1
28e6f37f,05f4e749,6eb760de
91249354,2ce09333,1
319e71a8,4aef4bbd,6eb760de
5de8d47d,b8ea37b4,1
f704abf9,41802757,6eb760de
229fa961,6a9f4728,1
99e285da,ed0a1e92,1
b9c314e7,530fbfe0,1
bb894297,68d3b26b,6eb760de
c3be37a2,8f57e401,1
31db49ee,93012b85,1
a1e80792,e8f8d7c5,6eb760de
b9576b0b,d51db9f7,2414884e
45a6feec,45ff18b2,a782b548
8c63e66d,00049537,2414884e
0eba67fa,3afaddb8,a782b548
268e3f6e,d8e4f76c,a782b548
58856014,ab4b6885,66618670
3c2bc618,ab4b6885,d6c4ddf3
43d8a8f7,ab4b6885,b6220f5c
4d958264,ff4d1b3a,bc812b63
54f88f00,cc58483b,a782b548
7a6f225f,cc58483b,09659890
bff44405,2c513d80,a782b548
c8b41bbe,2c513d80,09659890
e2f5e19d,75bd6e46,2414884e
f2cf4ef7,72f6ca72,040b166c
dcb184d7,4b314fd3,6eb760de
6b3caada,fe6b4ca7,1
9cf41b90,399531cb,2414884e
a7124f84,e6d3ff2e,a782b548
23855585,b8e401f2,5fe580be
7382b67c,b8e401f2,ce1e9417
5cb054fd,25ab5765,2
325f64fa,1aa3fef4,2
29017a05,1aa3fef4,1e6859b8
7883f0d1,d8370b20,ce1e9417
fad75f41,d8370b20,1e6859b8
b5f085c0,d8370b20,2
a3016a03,df905b4e,54f23832
4e7737a1,df905b4e,2
fa568592,842bbb0b,1e6859b8
4e7bc3bf,842bbb0b,1b836613
50be6ef0,842bbb0b,09659890
7eb3d44e,e342a0dd,09659890
04fd1bd4,e342a0dd,040b166c
00965e7f,9c9467ec,2
268cc93b,7ac08637,2414884e
8b8b772e,fa82385e,2414884e
7f5b46c7,0745717b,a782b548
bb2fc0e4,5fb5d56e,a782b548
ef83bd43,958f6136,1cbc08bf
b34c28ff,958f6136,66618670
c4f13e81,958f6136,d6c4ddf3
9aafaa6a,0f6d8225,1ecd3cd8
bc7a7589,8af907c9,1b836613
8f4dbc1d,8af907c9,8cd029d1
155bf338,62fe1ebe,1b836613
808b3c5e,62fe1ebe,21827101
02e1c4ca,0b754df2,09659890
791de06c,0b754df2,21827101
363ff114,0b754df2,09659890
e344186b,43b817e5,a782b548
d636fadf,43b817e5,2414884e
12bd0084,74c22e69,2414884e
3c04b974,ee1e6ca7,a782b548
04f74a86,ef96a2bf,2414884e
4627bc1a,a21bece0,a782b548
8f0ca6d0,f4be3e94,d6c4ddf3
0ee8adff,f4be3e94,1cbc08bf
7ca7fe0f,f4be3e94,2d0946d8
f9b48d52,56678d22,2
e02d17a5,56678d22,0ebf75ce
6de3020a,56678d22,8aaf08ce
80c77e5c,56678d22,f8397ada
e315c88f,9825b2ec,2a776990
647349d1,9825b2ec,3bf3960f
c6548309,bb19f954,21827101
4a3d0dbd,bb19f954,1b836613
7779bf60,cfbe0f3f,2414884e
d9c0f5d0,a7b05c7c,09659890
c1d50eff,a7b05c7c,a782b548
a37dc9bb,f3263817,09659890
e3f693b9,f3263817,a782b548
fd469b7e,7c26f987,1b836613
aedfff5d,7c26f987,a782b548
3576e4b2,bb3f033c,a782b548
8133a2f4,da972406,2414884e
34beb103,0f8841ee,a782b548
64d1b0cc,c00b6e7d,a8f5e11b
c581a3f4,724ed7a8,a8f5e11b
18588451,724ed7a8,a782b548
b2fb157a,724ed7a8,1e6859b8
0ca70ea7,fb701371,2414884e
aae251e1,6e0f8b07,f769d378
1f1897cd,7bac06fa,2414884e
44bdabe5,8b51e9fb,a782b548
1a48208a,5ddf6283,e81f5efa
c11de64e,dc909d3e,d6c4ddf3
eaed0316,dc909d3e,06b3bbaf
044297ae,dc909d3e,1cbc08bf
bb1203e7,ad9a3374,bc812b63
0f0fac94,92820138,ce1e9417
2f1afa05,831ff212,9b76ebee
543b0ebf,831ff212,9e472a0c
e2bdbb9c,831ff212,a8f5e11b
f8df2b81,c9d7f86d,2414884e
f36992f8,e25cf309,040b166c
b89a856b,9ef260b5,2414884e
b9bfc0ba,4e54b8f1,a782b548
47ea8120,230f4e5c,"8,36E+26"
4d73b280,230f4e5c,a8f5e11b
9d3f2fcc,0dabae04,e85ebd9b
7eafb4ee,0dabae04,1cbc08bf
8ca5a4e3,0dabae04,d6c4ddf3
c7e9f5e0,05bd9d84,00dd5294
cdbad6f4,05bd9d84,1e6859b8
2f897276,a8fb7e47,2414884e
99a67787,c2fafb7f,a782b548
e7e9917f,1fd02ac9,2414884e
4bf43520,5b583e0c,a782b548
e9d099db,071cc145,a8f5e11b
930577b4,649be332,a782b548
d11f514e,649be332,a8f5e11b
68f789ee,51a73c6e,2414884e
05a68671,51a73c6e,a782b548
a72807a7,b52465cf,09659890
e3288f8f,b52465cf,21827101
5f27b532,2786c16f,09659890
234a465b,2786c16f,21827101
2e0086a7,fe5c869e,a6e2979c
8ebeb294,a14562bd,1
48c9c72a,3a5e24c1,1
8d8c773e,c81a7649,a782b548
08bf4f58,8a895a4e,a6e2979c
2108b8b2,f8713b0a,a8f5e11b
6bd2b07b,fd846ae7,d6c4ddf3
ce5b39a4,fd846ae7,66618670
31e56403,fd846ae7,1cbc08bf
840165bc,a92ecc13,2a776990
87b52162,a5e9cd1f,09659890
c1f37712,a5e9cd1f,1e6859b8
130733de,83c2db2c,a6e2979c
9e41365a,ff4165b2,a782b548
f7768f79,90732f36,1
0cf24931,434bb02b,1
5b9d6e80,cc6df6d6,a6e2979c
ff4f0026,639af11c,a782b548
e3ceaefc,141d45fb,1
4f2f14f8,47db8de5,a8f5e11b
3b960e42,47db8de5,4613f12e
650e16b3,95ddb45b,6a9674f0
a0f947c1,95ddb45b,2bab3c2d
41a84295,95ddb45b,a8f5e11b
0f505519,49f5dd92,1b836613
1227c963,49f5dd92,09659890
077ff975,49f5dd92,1e6859b8
7c1accd7,54820a72,a6e2979c
b0d65bcb,533a9d7e,a6e2979c
eaf72501,593d9e84,a782b548
54549999,1a320585,fd88ab06
f39cc54f,6a25cd7d,1cbc08bf
0f9ba608,6a25cd7d,e85ebd9b
22f80934,6a25cd7d,efc04e94
e87e7c44,fd96abc4,bc812b63
3414f250,186c3674,1b836613
6882933d,186c3674,21827101
21f8440a,8bfdcc1b,22083beb
adf08071,22c65aee,a6e2979c
724d4f79,dd5cc8c1,040b166c
e763b373,10d2f483,a6e2979c
f4161827,3500eab1,a782b548
f657bcbb,596420ce,a782b548
edc15af1,568330de,0ebf75ce
28a52239,568330de,2
89bf6d21,568330de,4ae22ec5
6a37ae28,568330de,906a1c26
ff6f6f7f,bbde61c3,2
5f32e017,bbde61c3,a6e2979c
534ec7db,bbde61c3,4613f12e
005b2ab5,456d2354,2
7dcf7f1b,456d2354,a782b548
bd5cd9db,25f220c5,09659890
201dc84b,25f220c5,1b836613
76af4d19,25f220c5,40e103fe
8ebce9d8,e18faa50,2
30ff69e0,70936783,a6e2979c
3a5991b4,3b83093e,a6e2979c
ef244759,9dbe2ce2,2
5932c1d7,6a27190e,4613f12e
0f267c07,6a27190e,2
47346db3,bd23f08f,21827101
b673359a,bd23f08f,09659890
176e5e3c,6493c74a,1b836613
2b303c21,6493c74a,21827101
104695b4,0ae8beff,1e6859b8
717c227e,0ae8beff,2
44cbf0e3,fe4ada13,a6e2979c
2adf33f7,2d25b142,040b166c
189a3683,59383949,eda5cc45
9fbc8857,59383949,ff4d1a7d
fbbc83ab,59383949,21512d39
bd51e29c,57b5cbc6,2
fed5b2fc,59383949,3a829c22
7394fe0c,dae69e3c,6eb760de
32606177,6659aa8d,6eb760de
0848c49e,2b9edcd2,1
f0972569,08247df8,a6e2979c
e4a41872,cc019363,ff4d1a7d
072868c2,cc019363,3a829c22
bfac0aeb,cc019363,eda5cc45
702ce411,663a43ac,2
6e02a3f2,663a43ac,1e6859b8
93122879,cc019363,fe36ca73
f5b45293,ca3981b9,2
78e4826c,ca3981b9,d8a65191
d73c3e24,cc019363,21512d39
bd6ac2e9,2e172638,2a776990
426370f6,9b62d5fd,a6e2979c
0fcbc52e,5a2b4c0c,a782b548
81da5e63,3e05b957,a6e2979c
3ba2ac00,c3af83da,d6f9d4c3
5ec98145,192c642c,d8a65191
a3566a7c,192c642c,1b836613
009c6d96,9b7cdbc7,a6e2979c
d545e2eb,aeb7a48a,a782b548
e72d22fd,08af99bc,2
970acd36,acc74be5,a782b548
2ae5b649,e037a645,bc812b63
528ac648,ad18f6af,4613f12e
63c465c3,ad18f6af,a6e2979c
35b2447c,ad18f6af,2
e2919216,ad18f6af,1e6859b8
9a1471af,c29bc609,1e6859b8
b6e0ea0d,2089d866,21827101
c6bf34cb,2089d866,1b836613
62e61baa,6d1813e5,ce1e9417
fa2939c1,6d1813e5,1b836613
83ad56da,de58188c,a6e2979c
0637a946,3fb4f9c1,a6e2979c
1d1d534d,2c21c87f,a782b548
d12179d4,5734b9df,1
776ee0b9,20332a00,a6e2979c
fb000921,98e50c13,a6e2979c
ae01e95a,9c7e5076,a782b548
a8c8bba5,fdcc8be0,d8a65191
056ee91d,fdcc8be0,1b836613
610589a4,fc531f80,21827101
c32fc6b7,fc531f80,4613f12e
50ade032,1eb1c4f5,a6e2979c
70896a89,5f4ceb56,a782b548
ac0b3738,5f4ceb56,2
348bcda7,30caf481,040b166c
fbdebbf8,7447142a,a6e2979c
b7fdcc76,cbaa039e,a782b548
eed34061,0ac8a67c,1
71cd1f05,37e5a0f2,2a776990
040952f4,751d06e7,21827101
19e0a72a,751d06e7,1b836613
7db86334,9d4eac47,a782b548
a71008b5,9d4eac47,1b836613
94057941,c4a16f1d,09659890
1eb03417,c4a16f1d,1b836613
1df05d6d,c4a16f1d,1e6859b8
42106215,b6898af9,a6e2979c
ad0e282f,40f88869,a782b548
88590b9d,034553cb,a6e2979c
84a2183b,bb03fed1,a782b548
e973a1a8,d494453d,eda5cc45
95a54a8a,d494453d,24123f75
cc140f5b,facca865,a782b548
0f048561,facca865,2
22d27cfd,e1fad95c,09659890
c68d60da,e1fad95c,1e6859b8
f9191db3,a6d52b2e,d6c4ddf3
8c23fc19,a6d52b2e,aa970df1
1557cab2,a6d52b2e,d0fb355f
52b8f3fa,05b9d0ce,a6e2979c
54fdab93,1b0af3d9,a782b548
9c52cecd,1486b080,a782b548
7fd2ba2c,ce492619,a6e2979c
727b3fb8,86d25a8a,d6f9d4c3
8120812b,da917939,2
415c6df7,da917939,4613f12e
3df2db3b,da917939,a6e2979c
89ae470a,dd6b0eeb,ec0565d2
5ea1d1a8,59bf8559,bc812b63
723f33cc,e83ce5fe,1
cf45f97a,c90880b1,dcbc5c46
c5198d87,c90880b1,d6c4ddf3
f03fe4d2,fbb1474a,2
2011708a,fbb1474a,9e472a0c
0b3fa4af,fbb1474a,8aaf08ce
90c90ccb,f5383c41,1
08ddd51d,b3461aab,09659890
818b2b05,b3461aab,21827101
1188c8b4,b3461aab,79f5ae44
28ba44a5,d4281223,e85ebd9b
43a55b28,d4281223,06b3bbaf
c867f932,00f772ed,a6e2979c
b3fd57aa,d90335a7,a782b548
2ae5fd5a,1b00927e,1
87ebd2da,0421fd05,2
9aaa4280,b90f3572,d6c4ddf3
02a4c1c4,b90f3572,1
74f5778e,082cc5b0,a782b548
ef0a5ac0,009c308e,55d873c8
a06b6731,009c308e,2
883ee1c6,cb48c6f6,1
abca4c99,00f1f537,2
5dbce575,6c0671a1,a782b548
1ae5c337,c9362522,a782b548
a1b11999,e86fd949,2
e85d6e16,7358fe70,a782b548
8054966b,7358fe70,2
c47b6a49,f124f6b8,4c6f0f20
b9a836ed,3c424caf,2
671e51d9,3c424caf,4613f12e
45657a8a,c11c153e,40e103fe
6972e20e,c11c153e,09659890
bf8d6ef8,d9745fd5,1e6859b8
6025ad52,c7d5ce58,2
f676ad5c,ecbd7ab2,a782b548
21267f1e,78c3274e,1e6859b8
fff28940,78c3274e,d8a65191
0b895f50,d9b6ec61,2
0dc951ba,bd8e4cfe,d8a65191
695da104,bd758b50,1
48c6b915,cc60fdca,1
b3a1e012,19d1d8eb,1
d32f197d,b9dd2669,1
a80d80ca,7a68af3d,2a776990
c6274d4c,793f9c7f,1
4fc8b6a5,b958f3be,ce1e9417
5d05dccb,b958f3be,1b836613
9bdd05f8,a69f7d37,1b836613
6e6da413,a69f7d37,4c6f0f20
0e655029,dfc0b7d7,21827101
218c2b45,dfc0b7d7,09659890
796e027c,4076975a,4c6f0f20
c43fb98f,4076975a,09659890
3f25cd7c,3f03ac69,1
8b3bbe0d,a3b7d57e,2
2a8b01d9,530117d5,d8a65191
9de1c909,71c5a6c5,d8a65191
489f1093,295d6678,2
e3659d43,3307b2b4,1
5ebe955e,414a0181,1
9efec767,296829fa,2
20e5527b,296829fa,4613f12e
7c7243e4,8f3d5720,2
083b1bff,8f3d5720,6adcdb94
2a1dc8be,074c582b,4613f12e
f2760e5e,074c582b,2
b62d6a1b,cbd2f9a6,1b836613
3dc42627,cbd2f9a6,4613f12e
07dcee71,f4f41ba7,2
e9617705,85c79ef1,d8a65191
2b17f4a6,3d538f00,2
85edce88,8fd3c944,d8a65191
5d509795,4d22eb8a,1
eba53a3a,28e0ca6b,1
685f653a,1fea427c,1
f590070e,a2f83cb7,2
5e097356,a2f83cb7,d8a65191
8d9f196d,295a49f5,bc812b63
ee410c95,8395dff4,1
,,
ab48c9d7,65d69bf0,2
2891f344,2b93b2ad,d8a65191
c0c8f102,7a1c0ab1,2414884e
bc854a27,8554e3c0,a782b548
cfd2f841,0507e1a1,efc04e94
b745931c,0507e1a1,eda5cc45
207f0466,34a2e5f8,efc04e94
3e09cc58,34a2e5f8,08891ad3
65be7fe4,34a2e5f8,f22806c9
007fe448,55d85856,6a9674f0
6071e2b1,55d85856,2bab3c2d
698bda24,76c9610b,a6e2979c
c056c018,122ab15b,a782b548
802d8561,6386c285,2
21f1d2af,bed0bc00,2
2a2be7e7,bed0bc00,a782b548
10d263ac,bed0bc00,ce1e9417
b9e6c704,bed0bc00,a6e2979c
cf88f0d5,faf2736e,a782b548
7d5c2f9e,02adf472,1a09a061
0fe756b1,02adf472,a6e2979c
e3a1c894,25f58e9b,00af8a32
d74535cd,cc85bfde,09659890
7d56170c,cc85bfde,09659890
e8ba55d7,cc85bfde,40e103fe
ea16f599,641c0e1a,d8a65191
2488989d,62533bf1,2
31539cc2,adc7b260,2
94eb5bc4,adc7b260,79f5ae44
a719e91d,a1913b10,a6e2979c
5ac35487,12271c86,a782b548
359ed150,f13fe30c,4613f12e
36cdc939,f13fe30c,2
85f51537,44a8373d,2a776990
043799a3,1d7b098c,21827101
082bc6ba,4db6fc46,40e103fe
7e28a634,ae60bdac,1
c5e205ed,33cced3f,d8a65191
164fcf4a,91c8b2fe,1
e44bf106,ef189c8f,a6e2979c
ead5d012,3482f9d6,a6e2979c
46999f66,9469b8c0,a782b548
6a424298,176db995,2
463b892b,176db995,a6e2979c
d03d11c9,176db995,4613f12e
61e3b6a6,1c4d1157,2
3c8670ba,c30c321a,a6e2979c
9755987a,90f3c50e,1
cab24092,261d1d43,21827101
f37ea4d8,eb436eed,a6e2979c
86a5737d,bd82e8db,d8a65191
45e858a9,3e79c040,a6e2979c
8001ebc4,664bcd8d,d8a65191
07ad0cd3,535250ef,1
c29f9943,2a8dc2e2,1
9c64ef55,2b0a88be,4964a714
8997f929,2b0a88be,2
2aea9740,088ef1e8,0ebf75ce
4829fddb,088ef1e8,6a9674f0
9ae5e731,088ef1e8,2
ca58d500,785b0fbd,2
6008458c,785b0fbd,4613f12e
360f22af,785b0fbd,a6e2979c
e09ee042,ccd191d5,2
fac4bb85,d6022a81,1
4a333530,4fa20ec8,1
0004d72a,205f0ce9,2
87add382,205f0ce9,4613f12e
7bbcfcce,79b942af,d8a65191
f2e5dc78,b6d14aa2,2
f3b8d0c9,c641b20c,2
6f9746d6,c641b20c,d8a65191
a6d500fc,bda56d90,a6e2979c
7e610e41,35ec683a,a782b548
6f129f32,8a8fbbba,2
4b982b62,8a8fbbba,d8a65191
5333ca9c,3c325477,2a776990
346769ed,0212f329,21827101
df424749,5595b729,d8a65191
7a0f623e,10d588b1,a6e2979c
b7623397,b7b96491,a6e2979c
15a5b8bb,69efa9c3,a782b548
e420abbd,2de0043b,2
7f0be4cb,2de0043b,4613f12e
3a4b9186,2de0043b,a6e2979c
5600bd00,adcba4da,21827101
0ad2e151,0399c327,a782b548
d8c8a354,93688643,a782b548
42527f94,05c5f3a9,a6e2979c
dc8ca9f9,001306f3,a782b548
ce6529ff,12eef189,d8a65191
a2d5617c,12eef189,2
1909d63e,6a032aa3,efc04e94
19b1fbe2,6a032aa3,eda5cc45
60a4a272,6a032aa3,21512d39
62067855,ea10b44f,62f18ef9
76ce56a4,49c26197,2
2b6d9ee7,49c26197,4613f12e
5a77a3d9,2bbd9c56,bc812b63
5daa35f3,4e64f602,8aaf08ce
11d71005,4e64f602,9e472a0c
11491b3c,4e64f602,2
3ce25bda,ee8f0285,a6e2979c
bcb9fc5e,d223c0e9,8cd029d1